,Description,Eff. Tension,Bend. Moment,API M1,vM stress
0,30 ft TSJ,3082.314453125,581.9867320711937,0.5001068113663942,186314.28171595105
1,Start and End Buoyancy Hydrodynamic Coeffs,3022.457763671875,563.9782720306537,0.4880057931099149,181166.675843652
2,Start and End Buoyancy Very High Hydrodynamic Coeffs,3021.083984375,562.5159697781451,0.487636710297657,181002.69990069675
